url,name,address,city,state,phone
http://www.integrityofmc.com/,Results,"îƒˆ128 S Pendleton Ave, Pendleton, IN 46064",Pendleton,IN,î‚°(765) 221-2020
https://performance.financial/,Results,"îƒˆ118 E State St, Pendleton, IN 46064",Pendleton,IN,î‚°(765) 778-0409
https://www.pattontax.com/?utm_source=google&utm_medium=google_business_profile&utm_campaign=website_click,Results,"îƒˆ11711 N College Ave #200, Carmel, IN 46032",Carmel,IN,î‚°(317) 581-1776
https://www.facebook.com/franktonbernies/,Results,"îƒˆ112 N Washington St, Frankton, IN 46044",Frankton,IN,î‚°(765) 754-8400
https://blufftoncpagroup.com/,Results,"îƒˆ2401 N Main St A, Bluffton, IN 46714",Bluffton,IN,î‚°(260) 824-1040
https://franklinincpa.com/,Results,"îƒˆ198 N Main St, Franklin, IN 46131",Franklin,IN,î‚°(317) 736-6500
http://stacysizeloveaccountingservice.godaddysites.com/,Results,,Frankton,IN,î‚°(765) 631-1363
http://www.costontax.com/,Results,"îƒˆ106 Main St Suite 4, Pendleton, IN 46064",Pendleton,IN,î‚°(765) 778-2409
http://www.geistcpa.com/,Results,"îƒˆ9924 Kings Horse Way, Fortville, IN 46040",Fortville,IN,î‚°(317) 813-9979
http://www.schaafcpa.com/,Results,"îƒˆ110 N Union St, Westfield, IN 46074",Westfield,IN,î‚°(317) 867-5427
https://frazierandco.cpa/,Results,,Frankton,IN,î‚°(765) 631-1248
https://hamiltontaxandaccountingservices.com/,Results,"îƒˆ403 S Main St, Sheridan, IN 46069",Sheridan,IN,î‚°(317) 758-5611
https://www.elevateaccountingservices.com/,Results,"îƒˆ13110 Harrell Pkwy Ste Suite 100, Noblesville, IN 46060",Noblesville,IN,î‚°(317) 448-8410
http://www.inspirationalfinancial.com/,Results,"îƒˆ1122 S Scatterfield Rd, Anderson, IN 46012",Anderson,IN,î‚°(765) 400-4888
http://www.johnstoncocpas.com/,Results,"îƒˆ105 S 10th St, Noblesville, IN 46060",Noblesville,IN,î‚°(317) 774-9410
http://mhcpa.net/,Results,"îƒˆ1933 University Blvd, Anderson, IN 46012",Anderson,IN,î‚°(765) 649-9999
http://www.lehmancompany.com/,Results,"îƒˆ1907 Conner St, Noblesville, IN 46060",Noblesville,IN,î‚°(317) 776-9212
http://therodgersco.com/,Results,"îƒˆ1106 E 8th St, Anderson, IN 46012",Anderson,IN,î‚°(765) 608-2366
http://www.chamberlainaccountingsolutions.com/,Results,"îƒˆ11842 Castlestone Dr, Fishers, IN 46037",Fishers,IN,î‚°(317) 558-9607
https://www.ftmllc.com/?utm_source=google&utm_medium=google_business_profile&utm_campaign=website_click,Results,"îƒˆ10418 White Oak Dr, Carmel, IN 46033",Carmel,IN,î‚°(317) 751-7291
https://www.edgewatercpa.com/,Results,"îƒˆ1 S Rangeline Rd Ste 200, Carmel, IN 46032",Carmel,IN,î‚°(317) 386-7021
http://www.jpkanecpa.com/,Results,"îƒˆ7303 Quality Cir, Anderson, IN 46013",Anderson,IN,î‚°(765) 640-1211
http://www.wrightaccountinggroup.com/,Results,"îƒˆ14074 Trade Center Dr #201, Fishers, IN 46038",Fishers,IN,î‚°(317) 507-1900
http://www.wagnerwetzel.com/,Results,"îƒˆ11976 Fishers Crossing Dr, Fishers, IN 46038",Fishers,IN,î‚°(317) 827-6915
http://www.longandassoc.com/,Results,"îƒˆ8388 E 116th St Unit A, Fishers, IN 46038",Fishers,IN,î‚°(317) 577-5975
https://whitewatergroup.net/,Results,"îƒˆ9247 N Meridian St Ste 107, Indianapolis, IN 46260",Indianapolis,IN,î‚°(317) 483-4200
https://www.myprimeaccounting.com/,Results,"îƒˆ3815 River Crossing Pkwy #100, Indianapolis, IN 46240",Indianapolis,IN,î‚°(317) 804-1174
https://www.tmasmallbusinessaccounting.com/,Results,"îƒˆ9595 Whitley Dr #102, Indianapolis, IN 46240",Indianapolis,IN,î‚°(317) 571-8080
http://www.lgcaccounting.com/,Results,"îƒˆ135 S Independence St, Tipton, IN 46072",Tipton,IN,î‚°(765) 675-7021
http://www.ysbookkeeping.com/,Results,"îƒˆ150 Chariot Dr, Anderson, IN 46013",Anderson,IN,î‚°(317) 775-4984
https://www.hrblock.com/tax-office-near-me/indiana/elwood/15553/?otppartnerid=9308&campaignid=pw_mcm_9308_9762&utm_medium=local,Results,"îƒˆ7408 IN-28 #4, Elwood, IN 46036",Elwood,IN,î‚°(765) 552-5665
http://www.erwincpagroup.com/,Results,"îƒˆ14074 Trade Center Dr, Fishers, IN 46038",Fishers,IN,î‚°(317) 408-5592
https://paramount.tax/carmel,Results,"îƒˆ450 E 96th St Suite 500 Office 5050, Indianapolis, IN 46240",Indianapolis,IN,î‚°(317) 930-1411
https://www.mhcpa.net/,Results,"îƒˆ1933 University Blvd, Anderson, IN 46012",Anderson,IN,î‚°(765) 649-9999
http://brughgroup.com/,Results,"îƒˆ45 N 10th St, Noblesville, IN 46060",Noblesville,IN,î‚°(317) 773-4408
https://fisherscpa.com/,Results,"îƒˆ9845 E 116th St #100, Fishers, IN 46037",Fishers,IN,î‚°(317) 841-1900
http://www.lionhearttaxandaccounting.com/,Results,"îƒˆ10142 Brooks School Rd Unit 206, Fishers, IN 46037",Fishers,IN,î‚°(317) 597-0606
https://minatax.com/,Results,"îƒˆ110 Carmel View Dr, Carmel, IN 46032",Carmel,IN,î‚°(317) 371-8028
http://millercompanycpa.com/,Results,"îƒˆ3300 N Lanewood Dr, Muncie, IN 47304",Muncie,IN,î‚°(765) 288-1919
http://www.rektio.com/,Results,"îƒˆ12175 Visionary Way #760, Fishers, IN 46038",Fishers,IN,î‚°(317) 954-5067
https://richdriscolcpa.com/,Results,"îƒˆ10350 Cressida Way, Fishers, IN 46037",Fishers,IN,î‚°(317) 413-8338
http://www.bdandcopc.com/,Results,"îƒˆ9333 N Meridian St Lecture Hall, Indianapolis, IN 46260",Indianapolis,IN,î‚°(317) 571-1777
https://cpadonovan.com/,Results,"îƒˆ9292 N Meridian St, Indianapolis, IN 46260",Indianapolis,IN,î‚°(317) 844-8300
http://www.whitinger.com/,Results,"îƒˆ10735 Sky Prairie St Ste 100, Fishers, IN 46038",Fishers,IN,î‚°(317) 841-6009
http://psw-cpa.com/,Results,"îƒˆ9775 Crosspoint Blvd #100, Indianapolis, IN 46256",Indianapolis,IN,î‚°(317) 574-4280
http://wrightaccountingsolutions.com/,Results,"îƒˆ7088 W, State Rd 132, Lapel, IN 46051",Lapel,IN,î‚°(317) 572-7116
http://www.htcocpas.com/,Results,"îƒˆ8900 Keystone Crossing #660, Indianapolis, IN 46240",Indianapolis,IN,î‚°(317) 814-4767
https://www.watson.cpa/,Results,"îƒˆ11590 N Meridian St Ste 230, Carmel, IN 46032",Carmel,IN,î‚°(317) 848-9938
http://www.midwesttaxresolution.com/,Results,"îƒˆ160 W Carmel Dr, Carmel, IN 46032",Carmel,IN,î‚°(317) 966-3203
http://www.tlwatersaccounting.com/,Results,"îƒˆ1910 N Walnut St, Muncie, IN 47303",Muncie,IN,î‚°(765) 286-3050
http://www.smithcpagroup.com/,Results,"îƒˆ12526 Promise Creek Ln Suite 320, Fishers, IN 46038",Fishers,IN,î‚°(317) 857-0313
http://www.beyondaccounting.llc/,Results,"îƒˆ11350 N Meridian St #110, Carmel, IN 46032",Carmel,IN,î‚°(317) 545-5650
http://www.petrywealthmanagement.com/,Results,"îƒˆ408 S 9th St, Noblesville, IN 46060",Noblesville,IN,î‚°(317) 776-8660
https://mballencpa.com/,Results,,Frankton,IN,î‚°(317) 983-3894
http://www.bissettaccounting.com/,Results,,Frankton,IN,î‚°(317) 800-0594
https://mkrcpas.com/,Results,"îƒˆ9957 Crosspoint Blvd Suite 100, Indianapolis, IN 46256",Indianapolis,IN,î‚°(317) 549-3091
http://www.lmhcpa.com/,Results,"îƒˆ450 E 96th St #200, Indianapolis, IN 46240",Indianapolis,IN,î‚°(317) 566-1000
https://evansmayadvisory.com/,Results,"îƒˆ500 E 96th St #100, Indianapolis, IN 46240",Indianapolis,IN,î‚°(317) 582-3000
http://www.jayanaikencpa.com/,Results,"îƒˆ9333 N Meridian St Lecture Hall, Indianapolis, IN 46260",Indianapolis,IN,î‚°(317) 218-3318
http://dhfloydcpas.com/,Results,"îƒˆ124 W Harrison St, Denver, IN 46926",Denver,IN,î‚°(765) 633-1094
http://www.chamberlintaylor.com/,Results,"îƒˆ101 E Monroe St, Franklin, IN 46131",Franklin,IN,î‚°(317) 560-5777
http://www.sponselcpagroup.com/,Results,"îƒˆ251 N Illinois St, Indianapolis, IN 46204",Indianapolis,IN,î‚°(317) 608-6699
https://www.foudycpa.com/,Results,"îƒˆ5730 Falls Dr, Fort Wayne, IN 46804",Fort Wayne,IN,î‚°(260) 432-4565
http://incpas.org/,Results,"îƒˆ900 E 96th St #250, Indianapolis, IN 46240",Indianapolis,IN,î‚°(317) 726-5000
http://cpadixon.com/,Results,"îƒˆ6010 Fawnwood Dr, Greenwood, IN 46143",Greenwood,IN,î‚°(317) 213-8362
https://whcpagroup.com/,Results,"îƒˆ2890 Monroe St, La Porte, IN 46350",La Porte,IN,î‚°(219) 326-7800
http://www.hrc-cpa.com/,Results,"îƒˆ1905 N Main St, Bluffton, IN 46714",Bluffton,IN,î‚°(260) 824-4107
https://www.foncannontax.com/,Results,"îƒˆ1137 W Mill Rd, Evansville, IN 47710",Evansville,IN,î‚°(812) 423-1999
http://www.ebs.cpa/,Results,"îƒˆ111 W Adams St #103, Muncie, IN 47305",Muncie,IN,î‚°(765) 284-7554
http://kimstax.com/,"Kim's Tax Service, LLC","îƒˆ309 Broadway Ave, Chesterton, IN 46304",Chesterton,IN,î‚°(219) 926-9700
https://cornerstoneoflp.com/,Cornerstone Accounting & Consulting,"îƒˆ1231 IN-39, La Porte, IN 46350",La Porte,IN,î‚°(219) 245-2001
http://doniscpa.com/,Donis CPA,"îƒˆ617 S Halleck St, De Motte, IN 46310",De Motte,IN,î‚°(219) 987-2098
